S-Word;Lexema;Tristeza;Miedo;Alegria;Enfado;Sorpresa;Neutral
abandonado;abandon;1,00;0,00;0,00;0,00;0,00;0,00
abejas;abej;0,00;0,50;0,17;0,00;0,00;0,33
aborto;abort;0,67;0,17;0,00;0,00;0,00;0,17
abrasador;abras;0,00;0,50;0,00;0,17;0,00;0,33
abrazo;abraz;0,00;0,00;1,00;0,00;0,00;0,00
abrumado;abrum;0,50;0,17;0,00;0,17;0,00;0,17
absurdo;absurd;0,00;0,00;0,00;0,67;0,17;0,17
abundancia;abund;0,00;0,00;0,67;0,00;0,00;0,33
aburrido;aburr;0,50;0,00;0,00;0,17;0,00;0,33
accidente;accident;0,50;0,50;0,00;0,00;0,00;0,00
acido;acid;0,00;0,33;0,00;0,00;0,00;0,67
acogedor;acogedor;0,00;0,00;1,00;0,00;0,00;0,00
acontecimiento;acontec;0,00;0,00;0,00;0,00;0,17;0,83
acre;acre;0,00;0,00;0,00;0,00;0,00;1,00
activar;activ;0,00;0,00;0,00;0,00;0,17;0,83
acuerdo;acuerd;0,00;0,00;0,67;0,00;0,00;0,33
acurrucarse;acurruc;0,00;0,00;0,67;0,00;0,00;0,33
adicto;adict;0,67;0,00;0,00;0,00;0,00;0,33
adinerado;adiner;0,00;0,00;0,33;0,00;0,00;0,67
admirado;admir;0,00;0,00;1,00;0,00;0,00;0,00
adorable;ador;0,00;0,00;0,83;0,00;0,00;0,17
adulto;adult;0,00;0,00;0,00;0,00;0,00;1,00
afectar;afect;0,33;0,17;0,00;0,17;0,00;0,33
afecto;afect;0,00;0,00;1,00;0,00;0,00;0,00
afianzar;afianz;0,00;0,00;0,50;0,00;0,00;0,50
afligido;aflig;1,00;0,00;0,00;0,00;0,00;0,00
afortunado;afortun;0,00;0,00;1,00;0,00;0,00;0,00
agilidad;agil;0,00;0,00;0,33;0,00;0,00;0,67
agobiado;agobi;0,67;0,00;0,00;0,17;0,00;0,17
agonia;agon;1,00;0,00;0,00;0,00;0,00;0,00
agradecido;agradec;0,00;0,00;1,00;0,00;0,00;0,00
agresion;agresion;0,00;0,33;0,00;0,67;0,00;0,00
agresivo;agres;0,00;0,50;0,00;0,50;0,00;0,00
agua;agu;0,00;0,00;0,17;0,00;0,00;0,83
aguanieve;aguaniev;0,00;0,00;0,17;0,00;0,00;0,83
aguja;aguj;0,00;0,50;0,00;0,00;0,00;0,50
ahogarse;ahog;0,17;0,83;0,00;0,00;0,00;0,00
ahorrar;ahorr;0,00;0,00;0,17;0,00;0,00;0,83
aire;air;0,00;0,00;0,00;0,00;0,00;1,00
alba;alba;0,00;0,00;0,17;0,00;0,00;0,83
alcoholico;alcohol;0,83;0,00;0,00;0,00;0,00;0,17
alegre;alegr;0,00;0,00;1,00;0,00;0,00;0,00
alergia;alergi;0,17;0,00;0,33;0,33;0,00;0,17
alerta;alert;0,00;0,33;0,00;0,00;0,67;0,00
almohada;almoh;0,00;0,00;0,17;0,00;0,00;0,83
amabilidad;amabil;0,00;0,00;1,00;0,00;0,00;0,00
amable;amabl;0,00;0,00;1,00;0,00;0,00;0,00
amado;amad;0,00;0,00;1,00;0,00;0,00;0,00
amanecer;amanec;0,00;0,00;0,50;0,00;0,00;0,50
amarillo;amarill;0,00;0,00;0,00;0,00;0,00;1,00
ambicion;ambicion;0,00;0,00;0,00;0,33;0,00;0,67
ambulancia;ambul;0,17;0,50;0,00;0,00;0,17;0,17
amenaza;amenaz;0,00;0,83;0,00;0,17;0,00;0,00
amigable;amig;0,00;0,00;1,00;0,00;0,00;0,00
amigo;amig;0,00;0,00;1,00;0,00;0,00;0,00
amor;amor;0,00;0,00;1,00;0,00;0,00;0,00
ampolla;ampoll;0,17;0,33;0,00;0,00;0,00;0,50
angel;angel;0,00;0,00;0,50;0,00;0,00;0,50
angustiado;angusti;0,33;0,67;0,00;0,00;0,00;0,00
anhelo;anhel;1,00;0,00;0,00;0,00;0,00;0,00
animo;anim;0,00;0,00;0,17;0,00;0,00;0,83
ansioso;ansios;0,17;0,00;0,17;0,17;0,00;0,50
aplastado;aplast;0,33;0,17;0,00;0,00;0,33;0,17
aplausos;aplaus;0,00;0,00;1,00;0,00;0,00;0,00
aprender;aprend;0,00;0,00;0,33;0,17;0,00;0,50
aprobacion;aprob;0,00;0,00;0,83;0,00;0,00;0,17
apuros;apur;0,17;0,83;0,00;0,00;0,00;0,00
aranya;arany;0,00;0,67;0,00;0,00;0,00;0,33
arbol;arbol;0,00;0,00;0,17;0,00;0,00;0,83
arco-iris;arco-iris;0,00;0,00;0,67;0,00;0,17;0,17
arma;arma;0,00;1,00;0,00;0,00;0,00;0,00
armario;armari;0,00;0,00;0,00;0,00;0,00;1,00
arrepentido;arrepent;1,00;0,00;0,00;0,00;0,00;0,00
arrogante;arrog;0,00;0,00;0,00;1,00;0,00;0,00
arte;arte;0,00;0,00;0,33;0,00;0,17;0,50
as;as;0,00;0,00;0,33;0,00;0,00;0,67
ascensor;ascensor;0,00;0,00;0,00;0,00;0,00;1,00
asediado;asedi;0,17;0,83;0,00;0,00;0,00;0,00
asesinar;asesin;0,17;0,83;0,00;0,00;0,00;0,00
asesino;asesin;0,00;1,00;0,00;0,00;0,00;0,00
asfixiarse;asfixi;0,00;1,00;0,00;0,00;0,00;0,00
asiento;asient;0,00;0,00;0,00;0,00;0,00;1,00
asombrado;asombr;0,00;0,00;0,00;0,00;1,00;0,00
aspero;asper;0,17;0,00;0,00;0,00;0,00;0,83
asqueado;asqu;0,17;0,00;0,00;0,67;0,17;0,00
asqueroso;asquer;0,00;0,00;0,00;0,67;0,17;0,17
astronauta;astronaut;0,00;0,00;0,00;0,00;0,00;1,00
asustado;asust;0,00;1,00;0,00;0,00;0,00;0,00
ataud;ataud;0,17;0,83;0,00;0,00;0,00;0,00
aterrorizado;aterroriz;0,00;1,00;0,00;0,00;0,00;0,00
atico;atic;0,00;0,00;0,00;0,00;0,00;1,00
atracador;atrac;0,00;0,83;0,00;0,00;0,17;0,00
atrevido;atrev;0,00;0,00;0,00;0,00;0,83;0,17
atrocidad;atroc;0,33;0,33;0,00;0,17;0,17;0,00
aurora;auror;0,00;0,00;0,50;0,00;0,00;0,50
autobus;autobus;0,00;0,00;0,00;0,00;0,00;1,00
avalancha;avalanch;0,00;0,83;0,00;0,00;0,17;0,00
avaricia;avarici;0,50;0,00;0,00;0,33;0,00;0,17
avenida;aven;0,00;0,00;0,00;0,00;0,00;1,00
aventura;aventur;0,00;0,00;0,33;0,00;0,50;0,17
avergonzado;avergonz;1,00;0,00;0,00;0,00;0,00;0,00
avion;avion;0,00;0,00;0,00;0,00;0,00;1,00
avispa;avisp;0,00;0,67;0,00;0,00;0,00;0,33
azucar;azuc;0,00;0,00;0,17;0,00;0,00;0,83
azul;azul;0,17;0,00;0,00;0,00;0,00;0,83
bailarin;bailarin;0,00;0,00;0,50;0,00;0,00;0,50
bala;bal;0,00;1,00;0,00;0,00;0,00;0,00
bancarrota;bancarrot;0,67;0,17;0,00;0,17;0,00;0,00
banco;banc;0,00;0,00;0,00;0,00;0,00;1,00
bandera;bander;0,00;0,00;0,00;0,00;0,00;1,00
banyera;banyer;0,00;0,00;0,17;0,00;0,00;0,83
banyo;bany;0,00;0,00;0,00;0,00;0,00;1,00
bar;bar;0,00;0,00;0,50;0,00;0,00;0,50
barco;barc;0,00;0,00;0,17;0,00;0,00;0,83
barril;barril;0,00;0,00;0,00;0,00;0,00;1,00
bastardo;bastard;0,17;0,00;0,00;0,83;0,00;0,00
basto;bast;0,00;0,00;0,00;0,50;0,17;0,33
baston;baston;0,00;0,00;0,00;0,00;0,00;1,00
basura;basur;0,50;0,00;0,00;0,17;0,00;0,33
bebe;beb;0,00;0,00;0,83;0,00;0,00;0,17
bebida;beb;0,00;0,00;0,17;0,00;0,00;0,83
belleza;bellez;0,00;0,00;0,83;0,00;0,00;0,17
bendecir;bendec;0,00;0,00;0,67;0,00;0,00;0,33
beso;bes;0,00;0,00;1,00;0,00;0,00;0,00
bestia;besti;0,00;1,00;0,00;0,00;0,00;0,00
blanco;blanc;0,00;0,00;0,00;0,00;0,00;1,00
blasfemia;blasfemi;0,00;0,00;0,00;1,00;0,00;0,00
boda;bod;0,00;0,00;1,00;0,00;0,00;0,00
bodega;bodeg;0,00;0,00;0,17;0,00;0,00;0,83
bofetada;bofet;0,00;0,33;0,00;0,67;0,00;0,00
bomba;bomb;0,00;1,00;0,00;0,00;0,00;0,00
bombilla;bombill;0,00;0,00;0,17;0,00;0,00;0,83
botella;botell;0,00;0,00;0,00;0,00;0,00;1,00
boxeador;boxeador;0,00;0,67;0,00;0,00;0,00;0,33
brazo;braz;0,00;0,00;0,00;0,00;0,00;1,00
brillante;brillant;0,00;0,00;0,83;0,00;0,00;0,17
brio;bri;0,00;0,00;0,50;0,00;0,00;0,50
brisa;bris;0,00;0,00;0,50;0,00;0,00;0,50
brutal;brutal;0,00;0,67;0,00;0,00;0,17;0,17
buceador;buceador;0,00;0,00;0,00;0,00;0,00;1,00
bueno;buen;0,00;0,00;1,00;0,00;0,00;0,00
buho;buh;0,00;0,00;0,17;0,00;0,00;0,83
bulto;bult;0,00;0,00;0,00;0,00;0,00;1,00
burla;burl;0,17;0,00;0,00;0,83;0,00;0,00
caballo;caball;0,00;0,00;0,17;0,00;0,00;0,83
cable;cabl;0,00;0,00;0,00;0,00;0,00;1,00
cachorro;cachorr;0,00;0,00;0,67;0,00;0,00;0,33
cadaver;cadav;0,33;0,67;0,00;0,00;0,00;0,00
caida;caid;0,33;0,33;0,00;0,00;0,33;0,00
calidad;calid;0,00;0,00;0,83;0,00;0,00;0,17
callado;call;0,33;0,00;0,00;0,00;0,00;0,67
calle;call;0,00;0,00;0,00;0,00;0,00;1,00
callejon;callejon;0,00;0,50;0,00;0,00;0,00;0,50
calmar;calm;0,17;0,00;0,17;0,00;0,00;0,67
calor;calor;0,00;0,00;0,00;0,17;0,00;0,83
cama;cam;0,00;0,00;0,50;0,00;0,00;0,50
camion;camion;0,00;0,00;0,00;0,00;0,00;1,00
campeon;campeon;0,00;0,00;1,00;0,00;0,00;0,00
campo;camp;0,00;0,00;0,17;0,00;0,00;0,83
cancer;canc;0,50;0,50;0,00;0,00;0,00;0,00
cancion;cancion;0,00;0,00;0,67;0,00;0,00;0,33
cansado;cans;0,67;0,00;0,00;0,00;0,00;0,33
canyon;canyon;0,00;0,67;0,00;0,00;0,00;0,33
caos;caos;0,33;0,33;0,00;0,33;0,00;0,00
capaz;capaz;0,00;0,00;0,67;0,00;0,00;0,33
capricho;caprich;0,00;0,00;0,17;0,33;0,00;0,50
cara;car;0,00;0,00;0,00;0,00;0,00;1,00
caramelo;caramel;0,00;0,00;0,83;0,00;0,00;0,17
carcel;carcel;0,33;0,67;0,00;0,00;0,00;0,00
caricia;carici;0,00;0,00;1,00;0,00;0,00;0,00
carinyoso;cariny;0,00;0,00;1,00;0,00;0,00;0,00
carretera;carreter;0,00;0,00;0,00;0,00;0,00;1,00
carro;carr;0,00;0,00;0,00;0,00;0,00;1,00
carronya;carrony;0,17;0,00;0,00;0,33;0,00;0,50
carta;cart;0,00;0,00;0,17;0,00;0,00;0,83
casa;cas;0,00;0,00;0,17;0,00;0,00;0,83
cascada;casc;0,00;0,00;0,17;0,00;0,00;0,83
casino;casin;0,17;0,00;0,33;0,00;0,00;0,50
casita;casit;0,00;0,00;0,17;0,00;0,00;0,83
castigo;castig;0,33;0,33;0,00;0,33;0,00;0,00
celos;cel;0,33;0,00;0,00;0,67;0,00;0,00
celula;celul;0,00;0,00;0,00;0,00;0,00;1,00
cementerio;cementeri;0,33;0,67;0,00;0,00;0,00;0,00
cena;cen;0,00;0,00;0,17;0,00;0,00;0,83
cerdo;cerd;0,17;0,00;0,17;0,17;0,00;0,50
cesped;cesp;0,00;0,00;0,17;0,00;0,00;0,83
cesta;cest;0,00;0,00;0,00;0,00;0,00;1,00
chaleco;chalec;0,00;0,00;0,00;0,00;0,00;1,00
champinyon;champinyon;0,00;0,00;0,00;0,00;0,00;1,00
chantaje;chantaj;0,00;0,17;0,00;0,83;0,00;0,00
chica;chic;0,00;0,00;0,17;0,00;0,00;0,83
chico;chic;0,00;0,00;0,00;0,00;0,00;1,00
chiflado;chifl;0,00;0,33;0,17;0,33;0,17;0,00
chillido;chill;0,00;0,67;0,00;0,17;0,17;0,00
chiste;chist;0,00;0,00;1,00;0,00;0,00;0,00
chocolate;chocolat;0,00;0,00;0,50;0,00;0,00;0,50
choque;choqu;0,00;0,33;0,00;0,00;0,50;0,17
cicatriz;cicatriz;0,67;0,17;0,00;0,00;0,00;0,17
ciclon;ciclon;0,00;1,00;0,00;0,00;0,00;0,00
ciego;cieg;0,67;0,00;0,00;0,00;0,00;0,33
cielo;ciel;0,00;0,00;0,50;0,00;0,00;0,50
ciempies;ciempies;0,00;0,17;0,00;0,00;0,00;0,83
cieno;cien;0,17;0,33;0,00;0,00;0,00;0,50
circo;circ;0,17;0,00;0,67;0,00;0,17;0,00
circulo;circul;0,00;0,00;0,00;0,00;0,00;1,00
cirugia;cirug;0,00;0,83;0,00;0,00;0,00;0,17
ciudad;ciud;0,00;0,00;0,00;0,00;0,00;1,00
cobarde;cobard;0,17;0,67;0,00;0,17;0,00;0,00
coche;coch;0,00;0,00;0,00;0,00;0,00;1,00
cocina;cocin;0,00;0,00;0,17;0,00;0,00;0,83
cocinero;cociner;0,00;0,00;0,17;0,00;0,00;0,83
codo;cod;0,00;0,00;0,00;0,00;0,00;1,00
coito;coit;0,00;0,00;1,00;0,00;0,00;0,00
colera;coler;0,00;0,17;0,00;0,83;0,00;0,00
color;color;0,00;0,00;0,33;0,00;0,00;0,67
columna;column;0,00;0,00;0,00;0,00;0,00;1,00
comedia;comedi;0,00;0,00;1,00;0,00;0,00;0,00
comer;com;0,00;0,00;0,67;0,00;0,00;0,33
comida;com;0,00;0,00;0,33;0,00;0,00;0,67
comprometido;compromet;0,00;0,00;0,83;0,00;0,00;0,17
concentrado;concentr;0,00;0,00;0,00;0,00;0,00;1,00
conejito;conejit;0,00;0,00;0,17;0,00;0,00;0,83
conejo;conej;0,00;0,00;0,17;0,00;0,00;0,83
confianza;confianz;0,00;0,00;0,83;0,00;0,00;0,17
confort;confort;0,00;0,00;1,00;0,00;0,00;0,00
confuso;confus;0,50;0,00;0,00;0,00;0,50;0,00
conocimiento;conoc;0,00;0,00;0,67;0,00;0,00;0,33
considerado;consider;0,00;0,00;0,50;0,00;0,00;0,50
consigna;consign;0,00;0,00;0,00;0,00;0,00;1,00
consolado;consol;0,33;0,00;0,67;0,00;0,00;0,00
contaminar;contamin;0,67;0,00;0,00;0,33;0,00;0,00
contenido;conten;0,00;0,00;0,00;0,00;0,00;1,00
contexto;context;0,00;0,00;0,00;0,00;0,00;1,00
convencido;convenc;0,00;0,00;0,00;0,00;0,00;1,00
coqueto;coquet;0,00;0,00;0,50;0,00;0,00;0,50
corazon;corazon;0,00;0,00;0,50;0,00;0,00;0,50
corcho;corch;0,00;0,00;0,00;0,00;0,00;1,00
cordero;corder;0,00;0,00;0,17;0,00;0,00;0,83
corona;coron;0,00;0,00;0,00;0,00;0,00;1,00
corredor;corredor;0,00;0,00;0,17;0,00;0,00;0,83
correo;corre;0,00;0,00;0,00;0,00;0,00;1,00
corrupto;corrupt;0,00;0,00;0,00;0,83;0,00;0,17
corte;cort;0,00;0,33;0,00;0,00;0,00;0,67
cortesia;cortes;0,00;0,00;0,83;0,00;0,00;0,17
cortina;cortin;0,00;0,00;0,00;0,00;0,00;1,00
costa;cost;0,00;0,00;0,17;0,00;0,00;0,83
costumbre;costumbr;0,00;0,00;0,00;0,00;0,00;1,00
cotilleo;cotille;0,00;0,00;0,00;0,17;0,83;0,00
craneo;crane;0,00;0,17;0,00;0,00;0,00;0,83
crepe;crep;0,00;0,00;0,17;0,00;0,00;0,83
crepusculo;crepuscul;0,17;0,33;0,17;0,00;0,00;0,33
criatura;criatur;0,00;0,17;0,17;0,00;0,00;0,67
crimen;crim;0,17;0,83;0,00;0,00;0,00;0,00
criminal;criminal;0,17;0,83;0,00;0,00;0,00;0,00
crisis;crisis;0,50;0,17;0,00;0,33;0,00;0,00
crucificar;crucific;0,50;0,50;0,00;0,00;0,00;0,00
cruel;cruel;0,17;0,50;0,00;0,33;0,00;0,00
cuadrado;cuadr;0,00;0,00;0,00;0,00;0,00;1,00
cucaracha;cucarach;0,00;1,00;0,00;0,00;0,00;0,00
cuchillo;cuchill;0,00;0,83;0,00;0,00;0,00;0,17
cuenco;cuenc;0,00;0,00;0,00;0,00;0,00;1,00
cuerpo;cuerp;0,00;0,00;0,00;0,00;0,00;1,00
culpa;culp;0,83;0,00;0,00;0,17;0,00;0,00
culpable;culpabl;0,50;0,00;0,00;0,50;0,00;0,00
cumpleanyos;cumpleany;0,00;0,00;1,00;0,00;0,00;0,00
cura;cur;0,00;0,00;0,67;0,00;0,00;0,33
curar;cur;0,00;0,00;1,00;0,00;0,00;0,00
curioso;curios;0,00;0,00;0,17;0,00;0,67;0,17
daga;dag;0,00;1,00;0,00;0,00;0,00;0,00
danyo;dany;0,50;0,33;0,00;0,17;0,00;0,00
debil;debil;0,83;0,00;0,00;0,17;0,00;0,00
decepcionar;decepcion;0,83;0,00;0,00;0,00;0,17;0,00
decorar;decor;0,00;0,00;0,83;0,00;0,00;0,17
dedicado;dedic;0,00;0,00;0,33;0,00;0,00;0,67
dedo;ded;0,00;0,00;0,00;0,00;0,00;1,00
defendido;defend;0,00;0,00;0,83;0,00;0,00;0,17
deforme;deform;0,50;0,50;0,00;0,00;0,00;0,00
deleite;deleit;0,00;0,00;1,00;0,00;0,00;0,00
delicado;delic;0,00;0,00;0,17;0,17;0,00;0,67
demente;dement;0,17;0,33;0,00;0,17;0,00;0,33
demonio;demoni;0,00;1,00;0,00;0,00;0,00;0,00
dentista;dentist;0,00;0,50;0,00;0,00;0,00;0,50
deportes;deport;0,00;0,00;0,33;0,00;0,00;0,67
depresion;depresion;1,00;0,00;0,00;0,00;0,00;0,00
deprimido;deprim;1,00;0,00;0,00;0,00;0,00;0,00
desagrado;desagr;0,67;0,00;0,00;0,33;0,00;0,00
desanimado;desanim;1,00;0,00;0,00;0,00;0,00;0,00
desastre;desastr;0,17;0,33;0,00;0,50;0,00;0,00
descanso;descans;0,00;0,00;1,00;0,00;0,00;0,00
descomposicion;descomposicion;0,33;0,17;0,00;0,00;0,00;0,50
desden;desden;0,17;0,00;0,00;0,67;0,00;0,17
desdenyoso;desdeny;0,17;0,00;0,00;0,67;0,00;0,17
desenfadado;desenfad;0,00;0,00;0,83;0,00;0,00;0,17
deseo;dese;0,00;0,00;0,50;0,00;0,17;0,33
desertor;desertor;0,33;0,17;0,00;0,33;0,00;0,17
desesperado;desesper;1,00;0,00;0,00;0,00;0,00;0,00
desleal;desleal;0,50;0,00;0,00;0,50;0,00;0,00
deslumbramiento;deslumbr;0,00;0,00;0,00;0,17;0,33;0,50
desnudo;desnud;0,00;0,00;0,00;0,00;0,00;1,00
desordenado;desorden;0,00;0,00;0,00;0,67;0,00;0,33
despedazar;despedaz;0,00;0,67;0,00;0,17;0,00;0,17
desperdicio;desperdici;0,67;0,00;0,00;0,17;0,00;0,17
despreciar;despreci;0,67;0,00;0,00;0,33;0,00;0,00
despreocupado;despreocup;0,00;0,00;0,17;0,17;0,00;0,67
destruccion;destruccion;0,17;0,67;0,00;0,17;0,00;0,00
destruir;destru;0,17;0,50;0,00;0,33;0,00;0,00
desventaja;desventaj;0,67;0,00;0,00;0,17;0,00;0,17
desvestido;desvest;0,00;0,00;0,00;0,00;0,00;1,00
detalle;detall;0,00;0,00;0,50;0,00;0,17;0,33
detestar;detest;0,17;0,00;0,00;0,83;0,00;0,00
deuda;deud;0,83;0,00;0,00;0,00;0,17;0,00
devoto;devot;0,00;0,00;0,00;0,00;0,00;1,00
diablo;diabl;0,00;0,83;0,00;0,17;0,00;0,00
diamante;diamant;0,00;0,00;0,83;0,00;0,00;0,17
dicha;dich;0,00;0,00;1,00;0,00;0,00;0,00
dificultar;dificult;0,17;0,00;0,00;0,83;0,00;0,00
digno;dign;0,00;0,00;0,83;0,00;0,00;0,17
dinero;diner;0,00;0,00;0,67;0,00;0,00;0,33
dios;dios;0,00;0,17;0,50;0,00;0,00;0,33
diploma;diplom;0,00;0,00;0,83;0,00;0,00;0,17
disgustado;disgust;0,83;0,00;0,00;0,17;0,00;0,00
distante;distant;0,67;0,00;0,00;0,00;0,00;0,33
disturbio;disturbi;0,00;0,83;0,00;0,17;0,00;0,00
diversion;diversion;0,00;0,00;1,00;0,00;0,00;0,00
divorcio;divorci;1,00;0,00;0,00;0,00;0,00;0,00
doctor;doctor;0,00;0,00;0,00;0,00;0,00;1,00
dolar;dol;0,00;0,00;0,00;0,00;0,00;1,00
dolencia;dolenci;0,83;0,17;0,00;0,00;0,00;0,00
dolor;dolor;0,83;0,17;0,00;0,00;0,00;0,00
dormir;dorm;0,00;0,00;0,50;0,00;0,00;0,50
duro;dur;0,00;0,00;0,00;0,00;0,00;1,00
edificio;edifici;0,00;0,00;0,00;0,00;0,00;1,00
educacion;educ;0,00;0,00;0,50;0,00;0,00;0,50
efectivo;efect;0,00;0,00;0,67;0,00;0,00;0,33
egoista;egoist;0,50;0,00;0,00;0,50;0,00;0,00
ejecucion;ejecu;0,00;0,67;0,00;0,00;0,00;0,33
ejercicio;ejercici;0,00;0,00;0,17;0,00;0,00;0,83
ejercito;ejercit;0,00;0,50;0,00;0,00;0,00;0,50
electrodomestico;electrodomest;0,00;0,00;0,00;0,00;0,00;1,00
elegante;eleg;0,00;0,00;0,67;0,00;0,00;0,33
empleo;emple;0,00;0,00;0,33;0,00;0,00;0,67
enamorado;enamor;0,00;0,00;1,00;0,00;0,00;0,00
encanto;encant;0,00;0,00;1,00;0,00;0,00;0,00
energico;energ;0,00;0,00;0,67;0,00;0,00;0,33
enfado;enfad;0,00;0,00;0,00;1,00;0,00;0,00
enfermedad;enfermed;0,67;0,33;0,00;0,00;0,00;0,00
enfermera;enfermer;0,00;0,00;0,17;0,00;0,00;0,83
enfermo;enferm;1,00;0,00;0,00;0,00;0,00;0,00
enfurecido;enfurec;0,00;0,17;0,00;0,83;0,00;0,00
enganyo;engany;0,17;0,00;0,00;0,83;0,00;0,00
engreido;engreid;0,00;0,00;0,00;1,00;0,00;0,00
ensalada;ensal;0,00;0,00;0,17;0,00;0,00;0,83
entierro;entierr;1,00;0,00;0,00;0,00;0,00;0,00
entrometido;entromet;0,00;0,00;0,00;0,83;0,17;0,00
entusiasmo;entusiasm;0,00;0,00;1,00;0,00;0,00;0,00
erotico;erot;0,00;0,00;0,67;0,00;0,00;0,33
error;error;0,50;0,00;0,00;0,33;0,00;0,17
erudito;erudit;0,00;0,00;0,17;0,00;0,00;0,83
escandalo;escandal;0,00;0,17;0,00;0,00;0,83;0,00
esceptico;escept;0,00;0,00;0,00;0,00;0,00;1,00
esclavo;esclav;1,00;0,00;0,00;0,00;0,00;0,00
esconder;escond;0,00;0,00;0,00;0,00;0,17;0,83
escopeta;escopet;0,00;1,00;0,00;0,00;0,00;0,00
escorbuto;escorbut;0,33;0,50;0,00;0,00;0,00;0,17
escoria;escori;0,17;0,00;0,00;0,83;0,00;0,00
escorpion;escorpion;0,00;1,00;0,00;0,00;0,00;0,00
escritor;escritor;0,00;0,00;0,00;0,00;0,00;1,00
esfera;esfer;0,00;0,00;0,00;0,00;0,00;1,00
espacio;espaci;0,00;0,00;0,00;0,00;0,00;1,00
espantoso;espant;0,17;0,50;0,00;0,17;0,00;0,17
esperanza;esper;0,00;0,00;1,00;0,00;0,00;0,00
esperanzado;esperanz;0,00;0,00;0,83;0,00;0,17;0,00
espina;espin;0,00;0,67;0,00;0,00;0,00;0,33
espiritu;espiritu;0,00;0,33;0,00;0,00;0,00;0,67
esposa;espos;0,00;0,00;0,33;0,00;0,00;0,67
esposo;espos;0,00;0,00;0,33;0,00;0,00;0,67
espuma;espum;0,00;0,00;0,00;0,00;0,00;1,00
esquina;esquin;0,00;0,00;0,00;0,00;0,00;1,00
estancado;estanc;0,50;0,00;0,00;0,00;0,00;0,50
estatua;estatu;0,00;0,00;0,00;0,00;0,00;1,00
estiercol;estiercol;0,00;0,00;0,00;0,00;0,00;1,00
estomago;estomag;0,00;0,00;0,00;0,00;0,00;1,00
estrella;estrell;0,00;0,00;0,83;0,00;0,00;0,17
estremecerse;estremec;0,00;0,67;0,00;0,00;0,33;0,00
estres;estres;0,33;0,00;0,00;0,50;0,00;0,17
estufa;estuf;0,00;0,00;0,00;0,00;0,00;1,00
estupido;estup;0,00;0,00;0,00;1,00;0,00;0,00
euforico;eufor;0,00;0,00;1,00;0,00;0,00;0,00
excelencia;excelent;0,00;0,00;1,00;0,00;0,00;0,00
excitado;excit;0,00;0,00;0,67;0,00;0,00;0,33
excusa;excus;0,00;0,00;0,00;0,50;0,00;0,50
exito;exit;0,00;0,00;1,00;0,00;0,00;0,00
exquisito;exquisit;0,00;0,00;1,00;0,00;0,00;0,00
extasis;extasis;0,00;0,00;1,00;0,00;0,00;0,00
exterior;exterior;0,00;0,00;0,17;0,00;0,00;0,83
extraordinario;extraordinari;0,00;0,00;1,00;0,00;0,00;0,00
extraterrestre;extraterrestr;0,00;0,50;0,00;0,00;0,33;0,17
facil;facil;0,00;0,00;0,67;0,00;0,00;0,33
falso ;falso ;0,00;0,00;0,00;0,67;0,00;0,33
fama;fam;0,00;0,00;0,50;0,00;0,00;0,50
famelico;famel;1,00;0,00;0,00;0,00;0,00;0,00
familia;famili;0,00;0,00;1,00;0,00;0,00;0,00
famoso;famos;0,00;0,00;0,00;0,00;0,00;1,00
fantasia;fantas;0,00;0,00;0,50;0,00;0,33;0,17
faro;far;0,00;0,00;0,00;0,00;0,00;1,00
farol;farol;0,00;0,00;0,00;0,00;0,00;1,00
fascinar;fascin;0,00;0,00;0,67;0,00;0,33;0,00
fase;fas;0,00;0,00;0,00;0,00;0,00;1,00
fastidiar;fastidi;0,00;0,00;0,00;1,00;0,00;0,00
fatigado;fatig;0,50;0,00;0,00;0,00;0,00;0,50
favor;favor;0,00;0,00;0,00;0,00;0,00;1,00
feliz;feliz;0,00;0,00;1,00;0,00;0,00;0,00
feo;feo;0,50;0,00;0,00;0,00;0,00;0,50
festivo;festiv;0,00;0,00;1,00;0,00;0,00;0,00
fetido;fet;0,00;0,00;0,00;0,67;0,00;0,33
fiebre;fiebr;0,67;0,33;0,00;0,00;0,00;0,00
fiesta;fiest;0,00;0,00;1,00;0,00;0,00;0,00
firmamento;firmament;0,00;0,00;0,33;0,00;0,17;0,50
flemon;flemon;0,67;0,17;0,00;0,00;0,00;0,17
flexible;flexibl;0,00;0,00;0,00;0,00;0,00;1,00
flor;flor;0,00;0,00;0,83;0,00;0,00;0,17
florecer;florec;0,00;0,00;1,00;0,00;0,00;0,00
fofo;fof;0,17;0,00;0,00;0,17;0,00;0,67
folleto;follet;0,00;0,00;0,00;0,00;0,00;1,00
follon;follon;0,00;0,17;0,00;0,17;0,50;0,17
fortuito;fortuit;0,00;0,00;0,00;0,00;0,67;0,33
fracaso;fracas;0,83;0,00;0,00;0,17;0,00;0,00
fragancia;fraganci;0,00;0,00;0,50;0,00;0,00;0,50
fraude;fraud;0,00;0,00;0,00;1,00;0,00;0,00
frio;fri;0,00;0,00;0,00;0,00;0,00;1,00
frustrado;frustr;0,50;0,00;0,00;0,50;0,00;0,00
fuego;fueg;0,00;0,33;0,00;0,00;0,00;0,67
fuerte;fuert;0,00;0,00;0,00;0,00;0,00;1,00
funeral;funeral;1,00;0,00;0,00;0,00;0,00;0,00
furcia;furci;0,33;0,00;0,00;0,67;0,00;0,00
fusil;fusil;0,00;1,00;0,00;0,00;0,00;0,00
ganancias;gananci;0,00;0,00;0,83;0,00;0,00;0,17
ganar;gan;0,00;0,00;1,00;0,00;0,00;0,00
gangrena;gangren;0,50;0,50;0,00;0,00;0,00;0,00
gatito;gatit;0,00;0,00;0,83;0,00;0,00;0,17
gato;gat;0,00;0,00;0,17;0,00;0,00;0,83
gelido;gel;0,33;0,33;0,00;0,00;0,00;0,33
genero;gener;0,00;0,00;0,00;0,00;0,00;1,00
generoso;gener;0,00;0,00;1,00;0,00;0,00;0,00
genial;genial;0,00;0,00;1,00;0,00;0,00;0,00
gente;gent;0,00;0,00;0,17;0,00;0,00;0,83
germenes;germen;0,00;0,83;0,00;0,00;0,00;0,17
gimnasta;gimnast;0,00;0,00;0,17;0,00;0,00;0,83
glaciar;glaci;0,00;0,00;0,17;0,00;0,00;0,83
glamour;glamour;0,00;0,00;0,17;0,00;0,00;0,83
gloria;glori;0,00;0,00;1,00;0,00;0,00;0,00
goce;goc;0,00;0,00;1,00;0,00;0,00;0,00
golfista;golfist;0,00;0,00;0,17;0,00;0,00;0,83
golpe;golp;0,17;0,33;0,00;0,50;0,00;0,00
gordo;gord;0,17;0,00;0,00;0,00;0,00;0,83
graduado;gradu;0,00;0,00;0,83;0,00;0,00;0,17
granada;gran;0,00;0,33;0,33;0,00;0,00;0,33
granja;granj;0,00;0,00;0,50;0,00;0,00;0,50
grave;grav;0,50;0,33;0,00;0,00;0,00;0,17
grito;grit;0,00;0,67;0,00;0,17;0,17;0,00
grosero;groser;0,00;0,00;0,00;1,00;0,00;0,00
guapa;guap;0,00;0,00;1,00;0,00;0,00;0,00
guapo;guap;0,00;0,00;1,00;0,00;0,00;0,00
guarderia;guard;0,00;0,00;0,33;0,00;0,00;0,67
guerra;guerr;0,33;0,67;0,00;0,00;0,00;0,00
guillotina;guillotin;0,00;1,00;0,00;0,00;0,00;0,00
guinyo;guiny;0,00;0,00;0,83;0,00;0,17;0,00
gusano;gusan;0,00;0,00;0,00;0,17;0,00;0,83
habitante;habit;0,00;0,00;0,00;0,00;0,00;1,00
habito;habit;0,00;0,00;0,00;0,00;0,00;1,00
halcon;halcon;0,00;0,00;0,17;0,00;0,00;0,83
hambriento;hambrient;0,83;0,00;0,00;0,00;0,00;0,17
hamburguesa;hamburgues;0,00;0,00;0,00;0,00;0,00;1,00
harto;hart;0,00;0,00;0,00;1,00;0,00;0,00
hastio;hasti;0,33;0,00;0,00;0,67;0,00;0,00
hedor;hedor;0,17;0,33;0,00;0,00;0,17;0,33
heno;hen;0,00;0,00;0,00;0,00;0,00;1,00
heridas;her;0,67;0,17;0,00;0,00;0,00;0,17
herido;her;0,67;0,17;0,00;0,00;0,00;0,17
hermano;herman;0,00;0,00;0,83;0,00;0,00;0,17
hermoso;hermos;0,00;0,00;0,83;0,00;0,00;0,17
heroina;heroin;0,00;0,00;0,33;0,00;0,00;0,67
herramienta;herramient;0,00;0,00;0,00;0,00;0,00;1,00
hervir;herv;0,00;0,17;0,00;0,00;0,00;0,83
hierro;hierr;0,00;0,17;0,00;0,00;0,00;0,83
historia;histori;0,00;0,00;0,00;0,00;0,00;1,00
hogar;hog;0,00;0,00;0,83;0,00;0,00;0,17
hombre;hombr;0,00;0,00;0,00;0,00;0,00;1,00
homicida;homic;0,00;0,83;0,00;0,17;0,00;0,00
honesto;honest;0,00;0,00;1,00;0,00;0,00;0,00
hongo;hong;0,00;0,00;0,00;0,00;0,00;1,00
honor;honor;0,00;0,00;0,83;0,00;0,00;0,17
hornear;horn;0,00;0,00;0,17;0,00;0,00;0,83
horquilla;horquill;0,00;0,00;0,00;0,00;0,00;1,00
horror;horror;0,00;1,00;0,00;0,00;0,00;0,00
hospital;hospital;0,17;0,50;0,00;0,00;0,00;0,33
hostil;hostil;0,00;0,17;0,00;0,83;0,00;0,00
hotel;hotel;0,00;0,00;0,00;0,00;0,00;1,00
huevo;huev;0,00;0,00;0,17;0,00;0,00;0,83
humano;human;0,00;0,00;0,00;0,00;0,00;1,00
humilde;humild;0,00;0,00;0,00;0,00;0,00;1,00
humillar;humill;0,33;0,00;0,00;0,67;0,00;0,00
humor;humor;0,00;0,00;1,00;0,00;0,00;0,00
huracan;huracan;0,00;1,00;0,00;0,00;0,00;0,00
idea;ide;0,00;0,00;0,33;0,00;0,17;0,50
identidad;ident;0,00;0,00;0,00;0,00;0,00;1,00
idiota;idiot;0,00;0,00;0,00;1,00;0,00;0,00
idolo;idol;0,00;0,00;0,50;0,00;0,00;0,50
iglesia;iglesi;0,00;0,00;0,17;0,00;0,00;0,83
ignorancia;ignor;0,67;0,00;0,00;0,17;0,00;0,17
imaginar;imagin;0,00;0,00;0,50;0,00;0,17;0,33
imparcial;imparcial;0,00;0,00;0,00;0,17;0,00;0,83
impotente;impotent;0,33;0,00;0,00;0,50;0,00;0,17
impresionado;impresion;0,00;0,00;0,00;0,00;1,00;0,00
incentivo;incent;0,00;0,00;0,67;0,00;0,00;0,33
incomodidad;incomod;0,67;0,00;0,00;0,33;0,00;0,00
incordio;incordi;0,00;0,00;0,00;1,00;0,00;0,00
indefenso;indefens;0,33;0,50;0,00;0,17;0,00;0,00
indiferente;indiferent;0,00;0,00;0,00;0,17;0,00;0,83
industria;industri;0,00;0,00;0,00;0,00;0,00;1,00
infeccion;infeccion;0,33;0,67;0,00;0,00;0,00;0,00
infeliz;infeliz;1,00;0,00;0,00;0,00;0,00;0,00
inferior;inferior;0,33;0,00;0,00;0,17;0,00;0,50
infiel;infiel;0,33;0,00;0,00;0,67;0,00;0,00
infierno;infiern;0,00;1,00;0,00;0,00;0,00;0,00
ingenio;ingeni;0,00;0,00;0,50;0,00;0,17;0,33
inmaduro;inmadur;0,00;0,00;0,00;0,67;0,00;0,33
inmoral;inmoral;0,00;0,00;0,00;1,00;0,00;0,00
inocente;inocent;0,00;0,00;0,50;0,00;0,00;0,50
inquieto;inquiet;0,00;0,33;0,17;0,00;0,00;0,50
insecto;insect;0,00;0,17;0,00;0,00;0,00;0,83
inseguro;insegur;0,67;0,33;0,00;0,00;0,00;0,00
insolente;insolent;0,00;0,00;0,00;1,00;0,00;0,00
inspirado;inspir;0,00;0,00;0,50;0,00;0,00;0,50
inspirar;inspir;0,00;0,00;0,17;0,00;0,00;0,83
insulto;insult;0,00;0,00;0,00;1,00;0,00;0,00
intelecto;intelect;0,00;0,00;0,50;0,00;0,00;0,50
interes;interes;0,00;0,00;0,33;0,00;0,17;0,50
intimo;intim;0,00;0,00;0,50;0,00;0,00;0,50
intruso;intrus;0,00;0,67;0,00;0,17;0,17;0,00
inundacion;inund;0,17;0,83;0,00;0,00;0,00;0,00
inutil;inutil;0,33;0,00;0,00;0,67;0,00;0,00
invasor;invasor;0,00;0,67;0,00;0,33;0,00;0,00
invertir;invert;0,00;0,00;0,17;0,00;0,00;0,83
invitacion;invit;0,00;0,00;1,00;0,00;0,00;0,00
irritar;irrit;0,00;0,00;0,00;1,00;0,00;0,00
jaqueca;jaquec;1,00;0,00;0,00;0,00;0,00;0,00
jardin;jardin;0,00;0,00;0,33;0,00;0,00;0,67
jarra;jarr;0,00;0,00;0,00;0,00;0,00;1,00
joven;jov;0,00;0,00;0,50;0,00;0,00;0,50
jovial;jovial;0,00;0,00;1,00;0,00;0,00;0,00
joya;joy;0,00;0,00;0,67;0,00;0,00;0,33
jubilo;jubil;0,00;0,00;1,00;0,00;0,00;0,00
jubiloso;jubil;0,00;0,00;1,00;0,00;0,00;0,00
juego;jueg;0,00;0,00;1,00;0,00;0,00;0,00
juguete;juguet;0,00;0,00;1,00;0,00;0,00;0,00
justicia;justici;0,00;0,00;0,67;0,00;0,00;0,33
juventud;juventud;0,00;0,00;0,67;0,00;0,00;0,33
ketchup;ketchup;0,00;0,00;0,00;0,00;0,00;1,00
ladron;ladron;0,00;0,83;0,00;0,17;0,00;0,00
lago;lag;0,00;0,00;0,00;0,00;0,00;1,00
lampara;lamp;0,00;0,00;0,17;0,00;0,00;0,83
languido;langu;1,00;0,00;0,00;0,00;0,00;0,00
lapiz;lapiz;0,00;0,00;0,00;0,00;0,00;1,00
lastima;lastim;1,00;0,00;0,00;0,00;0,00;0,00
lavabo;lavab;0,00;0,00;0,00;0,00;0,00;1,00
leal;leal;0,00;0,00;0,83;0,00;0,00;0,17
leche;lech;0,00;0,00;0,00;0,00;0,00;1,00
lento;lent;0,17;0,00;0,00;0,33;0,00;0,50
leon;leon;0,00;0,67;0,00;0,00;0,00;0,33
lepra;lepr;0,17;0,83;0,00;0,00;0,00;0,00
lesbiana;lesbian;0,00;0,00;0,00;0,00;0,00;1,00
lesion;lesion;0,17;0,50;0,00;0,00;0,00;0,33
leyenda;leyend;0,00;0,17;0,17;0,00;0,00;0,67
liberacion;liber;0,00;0,00;1,00;0,00;0,00;0,00
libertad;libert;0,00;0,00;1,00;0,00;0,00;0,00
libre;libr;0,00;0,00;1,00;0,00;0,00;0,00
libro;libr;0,00;0,00;0,17;0,00;0,00;0,83
licenciado;licenci;0,00;0,00;0,67;0,00;0,00;0,33
lider;lid;0,00;0,17;0,17;0,00;0,00;0,67
liga;lig;0,00;0,00;0,00;0,00;0,00;1,00
linterna;lintern;0,00;0,00;0,00;0,00;0,00;1,00
liso;lis;0,00;0,00;0,00;0,00;0,00;1,00
litro;litr;0,00;0,00;0,00;0,00;0,00;1,00
llano;llan;0,00;0,00;0,00;0,00;0,00;1,00
llave;llav;0,00;0,00;0,00;0,00;0,00;1,00
lloriqueo;llorique;1,00;0,00;0,00;0,00;0,00;0,00
lluvia;lluvi;0,00;0,00;0,17;0,00;0,00;0,83
lobrego;lobreg;0,00;1,00;0,00;0,00;0,00;0,00
loco;loc;0,17;0,83;0,00;0,00;0,00;0,00
logro;logr;0,00;0,00;1,00;0,00;0,00;0,00
loteria;lot;0,00;0,00;0,67;0,00;0,17;0,17
lucha;luch;0,00;0,50;0,00;0,50;0,00;0,00
lujo;luj;0,00;0,00;0,67;0,00;0,00;0,33
lujuria;lujuri;0,00;0,00;0,33;0,33;0,00;0,33
madre;madr;0,00;0,00;0,50;0,00;0,00;0,50
maestro;maestr;0,00;0,00;0,17;0,00;0,00;0,83
magdalena;magdalen;0,00;0,00;0,00;0,00;0,00;1,00
magico;magic;0,00;0,00;0,67;0,00;0,33;0,00
magistral;magistral;0,00;0,00;0,50;0,00;0,00;0,50
malaria;malari;0,67;0,33;0,00;0,00;0,00;0,00
maleducado;maleduc;0,00;0,00;0,00;1,00;0,00;0,00
maletero;maleter;0,00;0,00;0,00;0,00;0,00;1,00
malicia;malici;0,17;0,00;0,00;0,83;0,00;0,00
maltrato;maltrat;0,17;0,17;0,00;0,67;0,00;0,00
malvado;malv;0,17;0,33;0,00;0,50;0,00;0,00
manera;maner;0,00;0,00;0,00;0,00;0,00;1,00
manguera;manguer;0,00;0,00;0,00;0,00;0,00;1,00
maniaco;maniac;0,00;1,00;0,00;0,00;0,00;0,00
maniqui;maniqu;0,00;0,00;0,00;0,00;0,00;1,00
mano;man;0,00;0,00;0,00;0,00;0,00;1,00
manosear;manos;0,00;0,00;0,00;0,50;0,00;0,50
manso;mans;0,00;0,00;0,00;0,00;0,00;1,00
mantequilla;mantequill;0,00;0,00;0,00;0,00;0,00;1,00
maquina;maquin;0,00;0,00;0,00;0,00;0,00;1,00
maquinilla;maquinill;0,00;0,00;0,00;0,00;0,00;1,00
maravilla;maravill;0,00;0,00;0,83;0,00;0,17;0,00
mareado;mar;0,67;0,33;0,00;0,00;0,00;0,00
mariposa;marip;0,00;0,00;0,17;0,00;0,00;0,83
mariquita;mariquit;0,00;0,00;0,17;0,00;0,00;0,83
martillo;martill;0,00;0,17;0,00;0,00;0,00;0,83
masacre;masacr;0,33;0,50;0,00;0,17;0,00;0,00
mascota;mascot;0,00;0,00;0,67;0,00;0,00;0,33
masturbarse;masturb;0,00;0,00;0,17;0,00;0,00;0,83
matanza;matanz;0,33;0,67;0,00;0,00;0,00;0,00
material;material;0,00;0,00;0,00;0,00;0,00;1,00
medicina;medicin;0,00;0,00;0,33;0,00;0,00;0,67
mejorar;mejor;0,00;0,00;1,00;0,00;0,00;0,00
melodia;melod;0,00;0,00;0,67;0,00;0,00;0,33
memoria;memori;0,00;0,00;0,00;0,00;0,00;1,00
mendigo;mendig;1,00;0,00;0,00;0,00;0,00;0,00
menosprecio;menospreci;0,17;0,00;0,00;0,83;0,00;0,00
mente;ment;0,00;0,00;0,00;0,00;0,00;1,00
mentira;mentir;0,00;0,00;0,00;1,00;0,00;0,00
menton;menton;0,00;0,00;0,00;0,00;0,00;1,00
mercado;merc;0,00;0,00;0,00;0,00;0,00;1,00
mermelada;mermel;0,00;0,00;0,17;0,00;0,00;0,83
mes;mes;0,00;0,00;0,00;0,00;0,00;1,00
mesa;mes;0,00;0,00;0,00;0,00;0,00;1,00
metal;metal;0,00;0,00;0,00;0,00;0,00;1,00
metodo;metod;0,00;0,00;0,00;0,00;0,00;1,00
miedoso;miedos;0,00;1,00;0,00;0,00;0,00;0,00
miel;miel;0,00;0,00;0,17;0,00;0,00;0,83
milagro;milagr;0,00;0,00;0,50;0,00;0,50;0,00
millonario;millonari;0,00;0,00;0,50;0,00;0,00;0,50
miseria;miseri;1,00;0,00;0,00;0,00;0,00;0,00
mistico;mistic;0,00;0,00;0,17;0,00;0,17;0,67
modesto;modest;0,00;0,00;0,33;0,00;0,00;0,67
moho;moh;0,17;0,17;0,00;0,17;0,00;0,50
molde;mold;0,00;0,00;0,00;0,00;0,00;1,00
molestar;molest;0,00;0,00;0,00;1,00;0,00;0,00
molestia;molesti;0,00;0,00;0,00;1,00;0,00;0,00
molino;molin;0,00;0,00;0,00;0,00;0,00;1,00
momento;moment;0,00;0,00;0,00;0,00;0,00;1,00
moneda;moned;0,00;0,00;0,00;0,00;0,00;1,00
monja;monj;0,00;0,00;0,00;0,00;0,00;1,00
mono;mon;0,00;0,00;0,00;0,00;0,00;1,00
montanya;montany;0,00;0,00;0,17;0,00;0,00;0,83
moral;moral;0,00;0,00;0,00;0,00;0,00;1,00
morboso;morbos;0,17;0,00;0,00;0,67;0,17;0,00
morgue;morg;0,67;0,33;0,00;0,00;0,00;0,00
mosquito;mosquit;0,00;0,17;0,00;0,17;0,00;0,67
motor;motor;0,00;0,00;0,00;0,00;0,00;1,00
movilidad;movil;0,00;0,00;0,00;0,00;0,00;1,00
mucosidad;muc;0,17;0,00;0,00;0,00;0,00;0,83
mueca;muec;0,00;0,00;0,17;0,33;0,17;0,33
muerte;muert;0,83;0,17;0,00;0,00;0,00;0,00
muerto;muert;0,67;0,33;0,00;0,00;0,00;0,00
mugre;mugr;0,00;0,00;0,00;0,67;0,00;0,33
mujer;muj;0,00;0,00;0,17;0,00;0,00;0,83
muleta;mulet;0,33;0,00;0,00;0,00;0,00;0,67
multa;mult;0,00;0,00;0,00;0,83;0,00;0,17
mundo;mund;0,00;0,00;0,00;0,00;0,00;1,00
munyeca;munyec;0,00;0,00;0,17;0,00;0,00;0,83
musculoso;muscul;0,00;0,00;0,00;0,00;0,00;1,00
museo;muse;0,00;0,00;0,00;0,00;0,00;1,00
musica;music;0,00;0,00;0,67;0,00;0,00;0,33
mutacion;mutacion;0,00;0,17;0,00;0,00;0,50;0,33
mutilar;mutil;0,33;0,50;0,00;0,17;0,00;0,00
nadador;nadador;0,00;0,00;0,00;0,00;0,00;1,00
narcotico;narcot;0,17;0,50;0,00;0,00;0,00;0,33
natural;natural;0,00;0,00;0,00;0,00;0,00;1,00
naturaleza;naturalez;0,00;0,00;0,50;0,00;0,00;0,50
navidad;navid;0,00;0,00;1,00;0,00;0,00;0,00
nectar;nect;0,00;0,00;0,00;0,00;0,00;1,00
negligencia;negligent;0,00;0,00;0,00;1,00;0,00;0,00
negro;negr;0,00;0,00;0,00;0,00;0,00;1,00
nene;nen;0,00;0,00;0,00;0,00;0,00;1,00
nervioso;nervios;0,17;0,33;0,00;0,17;0,17;0,17
neurotico;neurot;0,17;0,33;0,00;0,17;0,00;0,33
nevera;never;0,00;0,00;0,00;0,00;0,00;1,00
nieve;niev;0,00;0,00;0,00;0,00;0,00;1,00
ninyo;niny;0,00;0,00;0,17;0,00;0,00;0,83
nombre;nombr;0,00;0,00;0,00;0,00;0,00;1,00
noticias;notici;0,00;0,00;0,00;0,00;0,33;0,67
novia;novi;0,00;0,00;0,67;0,00;0,00;0,33
novio;novi;0,00;0,00;0,67;0,00;0,00;0,33
nubes;nub;0,00;0,00;0,00;0,00;0,00;1,00
nublado;nubl;0,50;0,17;0,00;0,00;0,00;0,33
nudo;nud;0,00;0,00;0,00;0,00;0,00;1,00
nutrir;nutr;0,00;0,00;0,33;0,00;0,00;0,67
obedecer;obedec;0,00;0,17;0,33;0,17;0,00;0,33
obesidad;obes;0,67;0,00;0,00;0,00;0,00;0,33
obsceno;obscen;0,00;0,00;0,00;1,00;0,00;0,00
obsequio;obsequi;0,00;0,00;0,67;0,00;0,33;0,00
obsesion;obsesion;0,00;1,00;0,00;0,00;0,00;0,00
ocaso;ocas;0,33;0,00;0,00;0,00;0,00;0,67
oceano;ocean;0,00;0,00;0,00;0,00;0,00;1,00
odiar;odi;0,00;0,00;0,00;1,00;0,00;0,00
odio;odi;0,00;0,00;0,00;1,00;0,00;0,00
ofender;ofend;0,17;0,00;0,00;0,83;0,00;0,00
oficina;oficin;0,17;0,00;0,00;0,00;0,00;0,83
olla;olla;0,00;0,00;0,00;0,00;0,00;1,00
opcion;opcion;0,00;0,00;0,00;0,00;0,00;1,00
opinion;opinion;0,00;0,00;0,00;0,00;0,00;1,00
oportunidad;oportun;0,00;0,00;0,67;0,00;0,17;0,17
optimismo;optim;0,00;0,00;1,00;0,00;0,00;0,00
ordenado;orden;0,00;0,00;0,33;0,00;0,00;0,67
ordenador;orden;0,00;0,00;0,00;0,00;0,00;1,00
orgasmo;orgasm;0,00;0,00;1,00;0,00;0,00;0,00
orgullo;orgull;0,00;0,00;0,50;0,00;0,00;0,50
orgulloso;orgull;0,00;0,00;0,83;0,17;0,00;0,00
orina;orin;0,00;0,00;0,00;0,00;0,00;1,00
oro;oro;0,00;0,00;0,33;0,00;0,00;0,67
orquesta;orquest;0,00;0,00;0,50;0,00;0,00;0,50
oscuro;oscur;0,17;0,50;0,00;0,00;0,00;0,33
otonyo;otony;0,17;0,00;0,17;0,00;0,00;0,67
oxidado;oxid;0,17;0,00;0,00;0,00;0,00;0,83
paciente;pacient;0,17;0,00;0,00;0,00;0,00;0,83
padre;padr;0,00;0,00;0,17;0,00;0,00;0,83
pajaro;pajar;0,00;0,00;0,50;0,00;0,00;0,50
palacio;palaci;0,00;0,00;0,17;0,00;0,00;0,83
paloma;palom;0,00;0,00;0,17;0,00;0,00;0,83
pancarta;pancart;0,00;0,00;0,00;0,17;0,00;0,83
panico;panic;0,00;1,00;0,00;0,00;0,00;0,00
pantano;pantan;0,00;0,00;0,00;0,00;0,00;1,00
panyuelo;panyuel;0,00;0,00;0,00;0,00;0,00;1,00
papel;papel;0,00;0,00;0,00;0,00;0,00;1,00
paraguas;paragu;0,00;0,00;0,00;0,00;0,00;1,00
paraiso;parais;0,00;0,00;1,00;0,00;0,00;0,00
paralisis;paralisis;0,67;0,33;0,00;0,00;0,00;0,00
pareja;parej;0,00;0,00;0,83;0,00;0,00;0,17
parte;part;0,00;0,00;0,00;0,00;0,00;1,00
pasaje;pasaj;0,00;0,00;0,00;0,00;0,00;1,00
pasillo;pasill;0,00;0,00;0,00;0,00;0,00;1,00
pasion;pasion;0,00;0,00;1,00;0,00;0,00;0,00
pasta;past;0,00;0,00;0,00;0,00;0,00;1,00
pastel;pastel;0,00;0,00;0,33;0,00;0,00;0,67
patente;patent;0,00;0,00;0,00;0,00;0,00;1,00
patriota;patriot;0,00;0,00;0,00;0,00;0,00;1,00
pausado;paus;0,00;0,00;0,00;0,00;0,00;1,00
paz;paz;0,00;0,00;0,83;0,00;0,00;0,17
pecado;pec;0,17;0,00;0,00;0,50;0,00;0,33
pecaminoso;pecamin;0,17;0,00;0,00;0,50;0,00;0,33
pelicula;pelicul;0,00;0,00;0,00;0,00;0,00;1,00
peligro;peligr;0,00;1,00;0,00;0,00;0,00;0,00
pellizco;pellizc;0,00;0,00;0,00;0,50;0,50;0,00
pena;pen;1,00;0,00;0,00;0,00;0,00;0,00
pene;pen;0,00;0,00;0,00;0,00;0,00;1,00
penoso;penos;1,00;0,00;0,00;0,00;0,00;0,00
pensamiento;pensamient;0,00;0,00;0,00;0,00;0,00;1,00
perdedor;perdedor;1,00;0,00;0,00;0,00;0,00;0,00
perdido;perd;0,67;0,33;0,00;0,00;0,00;0,00
perezoso;perez;0,17;0,00;0,00;0,67;0,00;0,17
perfeccion;perfeccion;0,00;0,00;0,67;0,00;0,00;0,33
perfume;perfum;0,00;0,00;0,50;0,00;0,00;0,50
perro;perr;0,00;0,00;0,50;0,00;0,00;0,50
persona;person;0,00;0,00;0,00;0,00;0,00;1,00
perverso;pervers;0,00;0,50;0,00;0,50;0,00;0,00
pervertido;pervert;0,00;0,17;0,00;0,67;0,00;0,17
pesadilla;pesadill;0,00;1,00;0,00;0,00;0,00;0,00
pesar;pes;0,67;0,00;0,00;0,00;0,00;0,33
pesaroso;pesar;1,00;0,00;0,00;0,00;0,00;0,00
pescado;pesc;0,00;0,00;0,00;0,00;0,00;1,00
pesimismo;pesim;0,83;0,00;0,00;0,00;0,00;0,17
peste;pest;0,00;0,17;0,00;0,67;0,00;0,17
pezon;pezon;0,00;0,00;0,00;0,00;0,00;1,00
pie;pie;0,00;0,00;0,00;0,00;0,00;1,00
piel;piel;0,00;0,00;0,00;0,00;0,00;1,00
pieza;piez;0,00;0,00;0,00;0,00;0,00;1,00
pinchazo;pinchaz;0,00;0,17;0,00;0,17;0,50;0,17
pintura;pintur;0,00;0,00;0,00;0,00;0,00;1,00
piojo;pioj;0,00;0,50;0,00;0,17;0,00;0,33
piojos;pioj;0,00;0,50;0,00;0,17;0,00;0,33
pirotecnia;pirotecni;0,00;0,50;0,17;0,00;0,17;0,17
pistola;pistol;0,00;1,00;0,00;0,00;0,00;0,00
piton;piton;0,00;1,00;0,00;0,00;0,00;0,00
pizza;pizz;0,00;0,00;0,00;0,00;0,00;1,00
placer;plac;0,00;0,00;1,00;0,00;0,00;0,00
planta;plant;0,00;0,00;0,50;0,00;0,00;0,50
playa;play;0,00;0,00;0,50;0,00;0,00;0,50
pleito;pleit;0,00;0,00;0,00;1,00;0,00;0,00
pobreza;pobrez;1,00;0,00;0,00;0,00;0,00;0,00
poder;pod;0,00;0,33;0,33;0,00;0,00;0,33
poderoso;poder;0,00;0,33;0,33;0,00;0,00;0,33
podrido;podr;0,33;0,00;0,00;0,33;0,00;0,33
poesia;poes;0,00;0,00;0,50;0,00;0,00;0,50
ponzonya;ponzony;0,00;1,00;0,00;0,00;0,00;0,00
porqueria;porqu;0,00;0,00;0,00;0,67;0,00;0,33
poster;post;0,00;0,00;0,00;0,00;0,00;1,00
pradera;prader;0,00;0,00;0,50;0,00;0,00;0,50
precipicio;precipici;0,00;0,83;0,00;0,00;0,00;0,17
predominante;predomin;0,00;0,00;0,00;0,00;0,00;1,00
prenda;prend;0,00;0,00;0,00;0,00;0,00;1,00
presion;presion;0,00;0,00;0,00;0,50;0,00;0,50
prestigio;prestigi;0,00;0,00;1,00;0,00;0,00;0,00
primavera;primaver;0,00;0,00;0,50;0,00;0,00;0,50
prision;prision;0,17;0,83;0,00;0,00;0,00;0,00
privacidad;privac;0,00;0,00;0,00;0,00;0,00;1,00
problema;problem;0,33;0,67;0,00;0,00;0,00;0,00
progreso;progres;0,00;0,00;0,67;0,00;0,00;0,33
promocion;promocion;0,00;0,00;1,00;0,00;0,00;0,00
protegido;proteg;0,00;0,00;0,83;0,00;0,00;0,17
publicacion;public;0,00;0,00;0,00;0,00;0,00;1,00
pueblo;puebl;0,00;0,00;0,00;0,00;0,00;1,00
puerta;puert;0,00;0,00;0,00;0,00;0,00;1,00
puntapie;puntapi;0,00;0,00;0,00;0,33;0,17;0,50
pus;pus;0,00;0,50;0,00;0,00;0,00;0,50
puta;put;0,00;0,00;0,00;0,67;0,00;0,33
putrefacto;putrefact;0,00;0,33;0,00;0,50;0,00;0,17
queja;quej;0,17;0,00;0,00;0,83;0,00;0,00
quemadura;quemadur;0,17;0,67;0,00;0,00;0,17;0,00
queroseno;querosen;0,00;0,50;0,00;0,00;0,00;0,50
rabia;rabi;0,00;0,00;0,00;1,00;0,00;0,00
radiador;radiador;0,00;0,00;0,00;0,00;0,00;1,00
radiante;radiant;0,00;0,00;0,67;0,00;0,00;0,33
radio;radi;0,00;0,00;0,00;0,00;0,00;1,00
ramo;ram;0,00;0,00;0,17;0,00;0,00;0,83
rana;ran;0,00;0,00;0,00;0,00;0,00;1,00
rancio;ranci;0,00;0,00;0,00;0,50;0,00;0,50
rapido;rap;0,00;0,00;0,17;0,00;0,00;0,83
rapto;rapt;0,00;0,67;0,00;0,17;0,00;0,17
raro;rar;0,00;0,00;0,00;0,00;0,50;0,50
rascacielos;rascaciel;0,00;0,00;0,00;0,00;0,00;1,00
rata;rat;0,00;0,33;0,00;0,00;0,00;0,67
rebelde;rebeld;0,00;0,17;0,00;0,33;0,17;0,33
recado;rec;0,00;0,00;0,00;0,00;0,00;1,00
rechazado;rechaz;0,83;0,00;0,00;0,17;0,00;0,00
recogedor;recogedor;0,00;0,00;0,00;0,00;0,00;1,00
recompensa;recompens;0,00;0,00;1,00;0,00;0,00;0,00
reconocido;reconoc;0,00;0,00;0,67;0,00;0,00;0,33
recuerdos;recuerd;0,00;0,00;0,33;0,00;0,00;0,67
refrigerio;refrigeri;0,00;0,00;0,00;0,00;0,00;1,00
regalo;regal;0,00;0,00;1,00;0,00;0,00;0,00
rehen;rehen;0,00;0,83;0,00;0,17;0,00;0,00
reina;rein;0,00;0,00;0,00;0,00;0,00;1,00
relajado;relaj;0,00;0,00;0,33;0,00;0,00;0,67
relampago;relampag;0,00;0,50;0,00;0,00;0,33;0,17
reloj;reloj;0,00;0,00;0,00;0,00;0,00;1,00
repisa;repis;0,00;0,00;0,00;0,00;0,00;1,00
reptil;reptil;0,00;0,17;0,00;0,00;0,00;0,83
repugnante;repugn;0,00;0,00;0,00;0,67;0,00;0,33
rescate;rescat;0,00;0,00;0,67;0,00;0,00;0,33
resentirse;resent;0,50;0,00;0,00;0,50;0,00;0,00
reservado;reserv;0,00;0,00;0,00;0,00;0,00;1,00
respeto;respet;0,00;0,00;0,50;0,00;0,00;0,50
respetuoso;respetu;0,00;0,00;0,50;0,00;0,00;0,50
respuesta;respuest;0,00;0,00;0,00;0,00;0,00;1,00
restaurante;restaur;0,00;0,00;0,00;0,00;0,00;1,00
retrasado;retras;0,33;0,00;0,00;0,17;0,00;0,50
reunion;reunion;0,00;0,00;0,00;0,00;0,00;1,00
reverente;reverent;0,00;0,00;0,00;0,00;0,00;1,00
revolver;revolv;0,00;1,00;0,00;0,00;0,00;0,00
revuelta;revuelt;0,00;0,33;0,00;0,33;0,17;0,17
rey;rey;0,00;0,00;0,00;0,00;0,00;1,00
rifle;rifl;0,00;1,00;0,00;0,00;0,00;0,00
rigido;rig;0,00;0,00;0,00;0,17;0,00;0,83
rinya;riny;0,00;0,17;0,00;0,83;0,00;0,00
rio;rio;0,00;0,00;0,00;0,00;0,00;1,00
riqueza;riquez;0,00;0,00;0,67;0,00;0,00;0,33
risa;ris;0,00;0,00;1,00;0,00;0,00;0,00
roca;roc;0,00;0,00;0,00;0,00;0,00;1,00
rojo;roj;0,00;0,00;0,17;0,33;0,00;0,50
romantico;romant;0,00;0,00;1,00;0,00;0,00;0,00
ronya;rony;0,17;0,00;0,00;0,50;0,00;0,33
ropa;rop;0,00;0,00;0,00;0,00;0,00;1,00
roto;rot;0,67;0,00;0,00;0,33;0,00;0,00
rubio;rubi;0,00;0,00;0,00;0,00;0,00;1,00
ruidoso;ruidos;0,00;0,00;0,00;0,50;0,33;0,17
sabio;sabi;0,00;0,00;0,50;0,00;0,00;0,50
sabor;sabor;0,00;0,00;0,00;0,00;0,00;1,00
salud  ;salud  ;0,00;0,00;0,67;0,00;0,00;0,33
saludar;salud;0,00;0,00;0,33;0,00;0,00;0,67
saludo;salud;0,00;0,00;0,33;0,00;0,00;0,67
salvador;salvador;0,00;0,00;0,83;0,00;0,00;0,17
sangriento;sangrient;0,00;1,00;0,00;0,00;0,00;0,00
santo;sant;0,00;0,00;0,17;0,00;0,00;0,83
sarampion;sarampion;0,50;0,50;0,00;0,00;0,00;0,00
satisfecho;satisfech;0,00;0,00;1,00;0,00;0,00;0,00
secador;secador;0,00;0,00;0,00;0,00;0,00;1,00
seda;sed;0,00;0,00;0,00;0,00;0,00;1,00
seguro;segur;0,00;0,00;0,50;0,00;0,00;0,50
seno;sen;0,00;0,00;0,00;0,00;0,00;1,00
sentimiento;sentimient;0,00;0,00;0,00;0,00;0,17;0,83
serio;seri;0,00;0,17;0,00;0,33;0,00;0,50
serpiente;serpient;0,00;0,50;0,00;0,00;0,00;0,50
sexo;sex;0,00;0,00;0,33;0,00;0,00;0,67
sexy;sexy;0,00;0,00;0,50;0,00;0,00;0,50
sifilis;sifilis;0,33;0,67;0,00;0,00;0,00;0,00
silbato;silbat;0,00;0,00;0,17;0,00;0,00;0,83
silla;sill;0,00;0,00;0,00;0,00;0,00;1,00
simpatico;simpat;0,00;0,00;1,00;0,00;0,00;0,00
snob;snob;0,00;0,00;0,00;0,67;0,17;0,17
sobrecogido;sobrecog;0,17;0,50;0,00;0,00;0,33;0,00
sobresaltado;sobresalt;0,00;0,00;0,00;0,00;1,00;0,00
sociable;sociabl;0,00;0,00;0,50;0,00;0,00;0,50
soga;sog;0,00;0,50;0,00;0,00;0,00;0,50
sol;sol;0,00;0,00;0,50;0,00;0,00;0,50
soleado;sol;0,00;0,00;0,67;0,00;0,00;0,33
soledad;soled;1,00;0,00;0,00;0,00;0,00;0,00
solemne;solemn;0,00;0,00;0,00;0,00;0,00;1,00
solitario;solitari;0,67;0,00;0,00;0,00;0,00;0,33
solo;sol;0,67;0,00;0,00;0,00;0,00;0,33
sombra;sombr;0,00;0,17;0,00;0,00;0,00;0,83
sombrero;sombrer;0,00;0,00;0,00;0,00;0,00;1,00
sonajero;sonajer;0,00;0,00;0,50;0,00;0,00;0,50
sorprendido;sorprend;0,00;0,00;0,00;0,00;1,00;0,00
soso;sos;0,17;0,00;0,00;0,00;0,00;0,83
sospechoso;sospech;0,00;0,50;0,00;0,17;0,17;0,17
spray;spray;0,00;0,00;0,00;0,00;0,00;1,00
suave;suav;0,00;0,00;0,33;0,00;0,00;0,67
suburbio;suburbi;0,17;0,17;0,00;0,00;0,00;0,67
suciedad;sucied;0,00;0,00;0,00;0,67;0,00;0,33
sucio;suci;0,00;0,00;0,00;0,67;0,00;0,33
suenyo;sueny;0,00;0,00;0,00;0,00;0,00;1,00
suicidio;suicidi;0,67;0,33;0,00;0,00;0,00;0,00
sustento;sustent;0,00;0,00;0,00;0,00;0,00;1,00
tabaco;tabac;0,00;0,00;0,00;0,17;0,00;0,83
tablero;tabler;0,00;0,00;0,00;0,00;0,00;1,00
taburete;taburet;0,00;0,00;0,00;0,00;0,00;1,00
talento;talent;0,00;0,00;0,83;0,00;0,00;0,17
tanque;tanqu;0,00;0,50;0,00;0,00;0,00;0,50
tarta;tart;0,00;0,00;0,50;0,00;0,00;0,50
taxi;taxi;0,00;0,00;0,00;0,00;0,00;1,00
tela;tel;0,00;0,00;0,00;0,00;0,00;1,00
temeroso;temer;0,00;1,00;0,00;0,00;0,00;0,00
temor;temor;0,00;1,00;0,00;0,00;0,00;0,00
temperamental;temperamental;0,00;0,00;0,00;1,00;0,00;0,00
tenedor;tenedor;0,00;0,00;0,00;0,00;0,00;1,00
tenis;tenis;0,00;0,00;0,00;0,00;0,00;1,00
tenso;tens;0,00;0,67;0,00;0,00;0,00;0,33
tenue;tenu;0,00;0,00;0,00;0,00;0,00;1,00
teoria;teor;0,00;0,00;0,00;0,00;0,00;1,00
termita;termit;0,00;0,00;0,00;0,00;0,00;1,00
termometro;termometr;0,00;0,00;0,00;0,00;0,00;1,00
terrible;terribl;0,00;0,83;0,00;0,17;0,00;0,00
terrorista;terror;0,00;1,00;0,00;0,00;0,00;0,00
tesoro;tesor;0,00;0,00;0,67;0,00;0,00;0,33
tiburon;tiburon;0,00;0,83;0,00;0,00;0,00;0,17
tiempo;tiemp;0,00;0,00;0,00;0,00;0,00;1,00
tierno;tiern;0,00;0,00;0,83;0,00;0,00;0,17
tierra;tierr;0,00;0,00;0,00;0,00;0,00;1,00
tieso;ties;0,17;0,00;0,00;0,17;0,00;0,67
tijeras;tijer;0,00;0,00;0,00;0,00;0,00;1,00
timido;tim;0,00;0,17;0,00;0,00;0,00;0,83
tinta;tint;0,00;0,00;0,00;0,00;0,00;1,00
tobillo;tobill;0,00;0,00;0,00;0,00;0,00;1,00
tobogan;tobogan;0,00;0,00;0,33;0,00;0,00;0,67
tolerante;toler;0,00;0,00;0,50;0,00;0,00;0,50
tonada;ton;0,00;0,00;0,33;0,00;0,00;0,67
tonteria;tont;0,00;0,00;0,00;0,50;0,00;0,50
tonto;tont;0,00;0,00;0,00;0,67;0,00;0,33
tormenta;torment;0,00;1,00;0,00;0,00;0,00;0,00
tornado;torn;0,00;1,00;0,00;0,00;0,00;0,00
torpe;torp;0,33;0,00;0,00;0,17;0,00;0,50
torre;torr;0,00;0,00;0,00;0,00;0,00;1,00
tortura;tortur;0,00;0,67;0,00;0,33;0,00;0,00
toxico;toxic;0,00;1,00;0,00;0,00;0,00;0,00
tragedia;tragedi;1,00;0,00;0,00;0,00;0,00;0,00
traicionar;traicion;0,00;0,00;0,00;0,83;0,17;0,00
traidor;traidor;0,00;0,00;0,00;1,00;0,00;0,00
trampolin;trampolin;0,00;0,00;0,00;0,00;0,00;1,00
tranquilo;tranquil;0,00;0,00;0,00;0,00;0,00;1,00
trauma;traum;0,17;0,83;0,00;0,00;0,00;0,00
travesia;traves;0,00;0,00;0,17;0,00;0,00;0,83
travesura;travesur;0,00;0,00;0,33;0,00;0,17;0,50
triste;trist;1,00;0,00;0,00;0,00;0,00;0,00
triunfante;triunfant;0,00;0,00;1,00;0,00;0,00;0,00
triunfo;triunf;0,00;0,00;1,00;0,00;0,00;0,00
trofeo;trofe;0,00;0,00;1,00;0,00;0,00;0,00
trompeta;trompet;0,00;0,00;0,33;0,00;0,00;0,67
tumba;tumb;0,50;0,33;0,00;0,00;0,00;0,17
tumor;tumor;0,50;0,50;0,00;0,00;0,00;0,00
turbio;turbi;0,00;0,50;0,00;0,33;0,00;0,17
ulcera;ulcer;0,67;0,33;0,00;0,00;0,00;0,00
unidad;unid;0,00;0,00;0,00;0,00;0,00;1,00
utensilio;utensili;0,00;0,00;0,00;0,00;0,00;1,00
util;util;0,00;0,00;0,33;0,00;0,00;0,67
vaca;vac;0,00;0,00;0,00;0,00;0,00;1,00
vacacion;vacacion;0,00;0,00;1,00;0,00;0,00;0,00
vacilar;vacil;0,00;0,17;0,00;0,33;0,17;0,33
vagina;vagin;0,00;0,00;0,00;0,00;0,00;1,00
valiente;valient;0,00;0,00;0,50;0,00;0,00;0,50
vampiro;vampir;0,00;0,67;0,00;0,00;0,00;0,33
vandalo;vandal;0,00;0,17;0,00;0,67;0,00;0,17
vanidad;vanid;0,00;0,00;0,00;0,83;0,00;0,17
vehiculo;vehicul;0,00;0,00;0,00;0,00;0,00;1,00
velero;veler;0,00;0,00;0,00;0,00;0,00;1,00
veloz;veloz;0,00;0,00;0,00;0,00;0,00;1,00
vencedor;vencedor;0,00;0,00;1,00;0,00;0,00;0,00
vencido;venc;0,83;0,00;0,00;0,17;0,00;0,00
venda;vend;0,17;0,00;0,00;0,00;0,00;0,83
veneno;venen;0,00;1,00;0,00;0,00;0,00;0,00
ventaja;ventaj;0,00;0,00;0,67;0,00;0,00;0,33
ventana;ventan;0,00;0,00;0,00;0,00;0,00;1,00
verdad;verd;0,00;0,00;0,50;0,00;0,00;0,50
verde;verd;0,00;0,00;0,33;0,00;0,00;0,67
vergonzoso;vergonz;0,50;0,17;0,00;0,33;0,00;0,00
vertedero;verteder;0,17;0,00;0,00;0,17;0,00;0,67
vestido;vest;0,00;0,00;0,00;0,00;0,00;1,00
viajes;viaj;0,00;0,00;0,33;0,00;0,00;0,67
victima;victim;1,00;0,00;0,00;0,00;0,00;0,00
victimismo;victim;0,33;0,17;0,00;0,50;0,00;0,00
victoria;victori;0,00;0,00;1,00;0,00;0,00;0,00
vida;vid;0,00;0,00;1,00;0,00;0,00;0,00
vidrio;vidri;0,00;0,00;0,00;0,00;0,00;1,00
vigilante;vigil;0,00;0,17;0,00;0,00;0,00;0,83
vigoroso;vigor;0,00;0,00;0,33;0,00;0,00;0,67
vino;vin;0,00;0,00;0,17;0,00;0,00;0,83
violacion;violacion;0,00;0,67;0,00;0,33;0,00;0,00
violento;violent;0,00;0,17;0,00;0,83;0,00;0,00
violin;violin;0,00;0,00;0,17;0,00;0,00;0,83
virgen;virg;0,00;0,00;0,00;0,00;0,00;1,00
virtud;virtud;0,00;0,00;0,83;0,00;0,00;0,17
viruela;viruel;0,33;0,50;0,00;0,00;0,00;0,17
vision;vision;0,00;0,00;0,00;0,00;0,00;1,00
vivido;viv;0,00;0,00;0,50;0,00;0,00;0,50
vivo;viv;0,00;0,00;0,83;0,00;0,00;0,17
volcan;volcan;0,00;0,33;0,00;0,00;0,00;0,67
vomito;vomit;0,33;0,00;0,00;0,00;0,00;0,67
yate;yat;0,00;0,00;0,17;0,00;0,00;0,83
zafiro;zafir;0,00;0,00;0,33;0,00;0,00;0,67
zurra;zurr;0,00;0,33;0,00;0,50;0,00;0,17
